{"cameraMode":{"drawMode":0,"name":"Shaded","section":"Shading Mode"},"sceneLighting":true,"audioPlay":false,"sceneViewState":{"m_AlwaysRefresh":false,"showFog":true,"showSkybox":true,"showFlares":true,"showImageEffects":true,"showParticleSystems":true,"showVisualEffectGraphs":true,"m_FxEnabled":true},"in2DMode":false,"pivot":{"x":-3.5557796955108644,"y":0.0507536381483078,"z":13.76724624633789},"rotation":{"x":-0.00350654567591846,"y":0.9857388138771057,"z":-0.05334920063614845,"w":-0.16832196712493897},"size":0.5682079792022705,"orthographic":false}