{"cameraMode":{"drawMode":0,"name":"Shaded","section":"Shading Mode"},"sceneLighting":false,"audioPlay":false,"sceneViewState":{"m_AlwaysRefresh":false,"showFog":true,"showSkybox":false,"showFlares":true,"showImageEffects":true,"showParticleSystems":true,"showVisualEffectGraphs":true,"m_FxEnabled":true},"in2DMode":false,"pivot":{"x":0.05713188648223877,"y":-0.13788464665412904,"z":0.5257700085639954},"rotation":{"x":-0.23826594650745393,"y":-0.5896904468536377,"z":0.17268575727939607,"w":-0.7527080774307251},"size":0.6959558725357056,"orthographic":false}